round_id,crash_point,total_bet,total_win,net_profit,avg_odds,num_bets,num_cashouts
32467506,21.64,2562625.2900000005,6816831.800000002,4254206.510000002,3.915909090909091,30,22
